id,label
G105529,roads_transport|routine
G105472,roads_transport|routine
G103379,roads_transport|routine
G101632,roads_transport|routine
G106613,roads_transport|routine
G105736,roads_transport|routine
G103228,roads_transport|routine
G103804,roads_transport|routine
G106428,roads_transport|routine
G104133,roads_transport|routine
G106744,roads_transport|routine
G100372,roads_transport|routine
G100616,roads_transport|routine
G103407,roads_transport|routine
G105567,roads_transport|routine
G100550,roads_transport|routine
G101283,roads_transport|routine
G100896,roads_transport|routine
G103172,roads_transport|routine
G103233,roads_transport|routine
G101845,roads_transport|routine
G103385,roads_transport|routine
G102300,roads_transport|routine
G106668,roads_transport|routine
G102424,roads_transport|routine
G106282,roads_transport|routine
G102839,roads_transport|routine
G103509,roads_transport|routine
G105699,roads_transport|routine
G103568,roads_transport|routine
G101526,roads_transport|routine
G104446,roads_transport|routine
G103386,roads_transport|routine
G100810,roads_transport|routine
G105263,roads_transport|routine
G104152,roads_transport|routine
G100879,roads_transport|routine
G101587,roads_transport|routine
G104184,roads_transport|routine
G105446,roads_transport|routine
G103999,roads_transport|routine
G100827,roads_transport|routine
G106236,roads_transport|routine
G106649,roads_transport|routine
G102853,roads_transport|routine
G105959,roads_transport|routine
G101431,roads_transport|routine
G104943,roads_transport|routine
G105150,roads_transport|routine
G103171,roads_transport|routine
G102203,roads_transport|routine
G105790,roads_transport|routine
G101424,roads_transport|routine
G103300,roads_transport|routine
G102600,roads_transport|routine
G102866,roads_transport|routine
G103381,roads_transport|routine
G101811,roads_transport|routine
G105566,roads_transport|routine
G106144,roads_transport|routine
G101483,roads_transport|routine
G103310,roads_transport|routine
G106134,roads_transport|routine
G104911,roads_transport|routine
G103512,roads_transport|routine
G101604,roads_transport|routine
G103359,roads_transport|routine
G104959,roads_transport|routine
G102705,roads_transport|routine
G104555,roads_transport|routine
G100364,roads_transport|routine
G102152,roads_transport|routine
G103688,roads_transport|routine
G103254,roads_transport|routine
G100263,roads_transport|routine
G105260,roads_transport|routine
G101154,roads_transport|routine
G101883,roads_transport|routine
G100023,roads_transport|routine
G100077,roads_transport|routine
G104453,roads_transport|routine
G101432,roads_transport|routine
G106003,roads_transport|routine
G105498,roads_transport|routine
G102915,roads_transport|routine
G104374,roads_transport|routine
G100618,roads_transport|routine
G105915,roads_transport|routine
G103578,roads_transport|routine
G102609,roads_transport|routine
G101438,roads_transport|routine
G105459,roads_transport|routine
G102000,roads_transport|routine
G101091,roads_transport|routine
G101196,roads_transport|routine
G101355,roads_transport|routine
G103729,roads_transport|routine
G106323,roads_transport|routine
G104540,roads_transport|routine
G102015,roads_transport|routine
G102441,roads_transport|routine
G104305,roads_transport|routine
G102631,roads_transport|routine
G100374,roads_transport|routine
G101582,roads_transport|routine
G101276,roads_transport|routine
G100740,roads_transport|routine
G103287,roads_transport|routine
G105038,roads_transport|routine
G106696,roads_transport|routine
G100348,roads_transport|routine
G102605,roads_transport|routine
G105389,roads_transport|routine
G103698,roads_transport|routine
G103892,roads_transport|routine
G104850,roads_transport|routine
G101847,roads_transport|routine
G103168,roads_transport|routine
G106316,roads_transport|routine
G103161,roads_transport|routine
G101315,roads_transport|routine
G102173,roads_transport|routine
G101878,roads_transport|routine
G101983,roads_transport|routine
G101052,roads_transport|routine
G104864,roads_transport|routine
G103825,roads_transport|routine
G102786,roads_transport|routine
G104443,roads_transport|routine
G101104,roads_transport|routine
G105724,roads_transport|routine
G105194,roads_transport|routine
G103929,roads_transport|routine
G105590,roads_transport|routine
G104725,roads_transport|routine
G103458,roads_transport|routine
G105996,roads_transport|routine
G101793,roads_transport|routine
G101072,roads_transport|routine
G104759,roads_transport|routine
G101948,roads_transport|routine
G100139,roads_transport|routine
G101393,roads_transport|routine
G101740,roads_transport|routine
G105102,roads_transport|routine
G102039,roads_transport|routine
G102055,roads_transport|routine
G102123,roads_transport|routine
G101600,roads_transport|routine
G103439,roads_transport|routine
G102214,roads_transport|routine
G103840,roads_transport|routine
G106476,roads_transport|routine
G101684,roads_transport|routine
G103753,roads_transport|routine
G103198,roads_transport|routine
G101941,roads_transport|routine
G100181,roads_transport|routine
G100703,roads_transport|routine
G100509,roads_transport|routine
G101946,roads_transport|routine
G101427,roads_transport|routine
G100236,roads_transport|routine
G104197,roads_transport|routine
G105675,roads_transport|routine
G103123,roads_transport|routine
G104934,roads_transport|routine
G101093,roads_transport|routine
G104965,roads_transport|routine
G100480,roads_transport|routine
G104448,roads_transport|routine
G104534,roads_transport|routine
G103969,roads_transport|routine
G105789,roads_transport|routine
G105068,roads_transport|routine
G104766,roads_transport|routine
G105190,roads_transport|routine
G105601,roads_transport|routine
G105439,roads_transport|routine
G105339,roads_transport|routine
G105270,roads_transport|routine
G102983,roads_transport|routine
G100285,roads_transport|routine
G101520,roads_transport|routine
G101785,roads_transport|routine
G105255,roads_transport|routine
G102246,roads_transport|routine
G103786,roads_transport|routine
G106024,roads_transport|routine
G103946,roads_transport|routine
G101777,roads_transport|routine
G106794,roads_transport|routine
G103939,roads_transport|routine
G106052,roads_transport|routine
G103528,roads_transport|routine
G106146,roads_transport|routine
G100407,roads_transport|routine
G105328,roads_transport|routine
G106243,roads_transport|routine
G105887,roads_transport|routine
G104167,roads_transport|routine
G105794,roads_transport|routine
G102567,roads_transport|routine
G103625,roads_transport|routine
G106459,roads_transport|routine
G100530,roads_transport|routine
G100163,roads_transport|routine
G103192,roads_transport|routine
G105614,roads_transport|routine
G100024,roads_transport|routine
G103183,roads_transport|routine
G105556,roads_transport|routine
G102975,roads_transport|routine
G103618,roads_transport|routine
G102804,roads_transport|routine
G102169,roads_transport|routine
G105984,roads_transport|routine
G102102,roads_transport|routine
G101456,roads_transport|routine
G101549,roads_transport|routine
G101765,roads_transport|routine
G101265,roads_transport|routine
G106193,roads_transport|routine
G104979,roads_transport|routine
G101731,roads_transport|routine
G103569,roads_transport|routine
G100723,roads_transport|routine
G100453,roads_transport|routine
G103728,roads_transport|routine
G101871,roads_transport|routine
G104240,roads_transport|routine
G104383,roads_transport|routine
G104271,roads_transport|routine
G106652,roads_transport|routine
G100868,roads_transport|routine
G100303,roads_transport|routine
G104376,roads_transport|routine
G101320,roads_transport|routine
G102433,roads_transport|routine
G104449,roads_transport|routine
G101333,roads_transport|routine
G101389,roads_transport|routine
G102013,roads_transport|routine
G103996,roads_transport|routine
G100468,roads_transport|routine
G102981,roads_transport|routine
G102379,roads_transport|routine
G103244,roads_transport|routine
G101492,roads_transport|routine
G104433,roads_transport|routine
G103430,roads_transport|routine
G104617,roads_transport|routine
G102652,roads_transport|routine
G100936,roads_transport|routine
G101117,roads_transport|routine
G104398,roads_transport|routine
G101620,roads_transport|routine
G101076,roads_transport|routine
G106604,roads_transport|routine
G100382,roads_transport|routine
G105391,roads_transport|routine
G106495,roads_transport|routine
G104012,roads_transport|routine
G100931,roads_transport|routine
G101833,roads_transport|routine
G102926,roads_transport|routine
G105333,roads_transport|routine
G106429,roads_transport|routine
G106704,roads_transport|routine
G102938,roads_transport|routine
G106763,roads_transport|routine
G100063,roads_transport|routine
G102848,roads_transport|routine
G103470,roads_transport|routine
G100742,roads_transport|routine
G102018,roads_transport|routine
G104245,roads_transport|routine
G100564,roads_transport|routine
G103550,roads_transport|routine
G105588,roads_transport|routine
G105711,roads_transport|routine
G104339,roads_transport|routine
G104652,roads_transport|routine
G106651,roads_transport|routine
G105551,roads_transport|routine
G100533,roads_transport|routine
G100749,roads_transport|routine
G104022,roads_transport|routine
G102685,roads_transport|routine
G103061,roads_transport|routine
G105708,roads_transport|routine
G101562,roads_transport|routine
G103364,roads_transport|routine
G101609,roads_transport|routine
G100548,roads_transport|routine
G106691,roads_transport|routine
G105900,roads_transport|routine
G101695,roads_transport|routine
G101659,roads_transport|routine
G100760,roads_transport|routine
G106644,roads_transport|routine
G104884,roads_transport|routine
G105290,roads_transport|routine
G104660,roads_transport|routine
G102574,roads_transport|routine
G102308,roads_transport|routine
G103500,roads_transport|routine
G105356,roads_transport|routine
G102526,roads_transport|routine
G101000,roads_transport|routine
G101069,roads_transport|routine
G102290,roads_transport|routine
G102784,roads_transport|routine
G103243,roads_transport|routine
G103103,roads_transport|routine
G102698,roads_transport|routine
G102187,roads_transport|routine
G103091,roads_transport|routine
G104882,roads_transport|routine
G103371,roads_transport|routine
G105963,roads_transport|routine
G101658,roads_transport|routine
G101758,roads_transport|routine
G103689,roads_transport|routine
G106026,roads_transport|routine
G100027,roads_transport|routine
G104427,roads_transport|routine
G106798,roads_transport|routine
G103857,roads_transport|routine
G106547,roads_transport|routine
G102461,roads_transport|routine
G104658,roads_transport|routine
G106283,roads_transport|routine
G101771,roads_transport|routine
G102570,roads_transport|routine
G106296,roads_transport|routine
G103549,roads_transport|routine
G103441,roads_transport|routine
G103420,roads_transport|routine
G101061,roads_transport|routine
G104085,roads_transport|routine
G101464,roads_transport|routine
G103587,roads_transport|routine
G102028,roads_transport|routine
G101745,roads_transport|routine
G100728,roads_transport|routine
G104019,roads_transport|routine
G102171,roads_transport|routine
G100329,roads_transport|routine
G102348,roads_transport|routine
G105808,roads_transport|routine
G101332,roads_transport|routine
G105722,roads_transport|routine
G106218,roads_transport|routine
G104206,roads_transport|routine
G102112,roads_transport|routine
G103477,roads_transport|routine
G104461,roads_transport|routine
G106526,roads_transport|routine
G105330,roads_transport|routine
G104242,roads_transport|routine
G105987,roads_transport|routine
G105554,roads_transport|routine
G106797,roads_transport|routine
G101266,roads_transport|routine
G106759,roads_transport|routine
G105649,roads_transport|routine
G104472,roads_transport|routine
G103098,roads_transport|routine
G106046,roads_transport|routine
G101122,roads_transport|routine
G104370,roads_transport|routine
G102825,roads_transport|routine
G102843,roads_transport|routine
G102794,roads_transport|routine
G104011,roads_transport|routine
G105373,roads_transport|routine
G103400,roads_transport|routine
G100307,roads_transport|routine
G103138,roads_transport|routine
G102133,roads_transport|routine
G100204,roads_transport|routine
G103312,roads_transport|routine
G100254,roads_transport|routine
G106110,roads_transport|routine
G100338,roads_transport|routine
G100775,roads_transport|routine
G103692,roads_transport|routine
G105562,roads_transport|routine
G100327,roads_transport|routine
G101200,roads_transport|routine
G103600,roads_transport|routine
G100695,roads_transport|routine
G103071,roads_transport|routine
G102557,roads_transport|routine
G101153,roads_transport|routine
G105905,roads_transport|routine
G104016,roads_transport|routine
G102334,roads_transport|routine
G102899,roads_transport|routine
G105651,roads_transport|routine
G103558,roads_transport|routine
G101221,roads_transport|routine
G103006,roads_transport|routine
G106675,roads_transport|routine
G102261,roads_transport|routine
G100196,roads_transport|routine
G102888,roads_transport|routine
G102006,roads_transport|routine
G101992,roads_transport|routine
G102200,roads_transport|routine
G105227,roads_transport|routine
G102070,roads_transport|routine
G102333,roads_transport|routine
G105445,roads_transport|routine
G104584,roads_transport|routine
G104378,roads_transport|routine
G101611,roads_transport|routine
G100355,roads_transport|routine
G105799,roads_transport|routine
G100891,roads_transport|routine
G102218,roads_transport|routine
G101434,roads_transport|routine
G104143,roads_transport|routine
G102001,roads_transport|routine
G102316,roads_transport|routine
G100099,roads_transport|routine
G102767,roads_transport|routine
G101988,roads_transport|routine
G104580,roads_transport|routine
G101460,roads_transport|routine
G103190,roads_transport|routine
G100318,roads_transport|routine
G103350,roads_transport|routine
G101535,roads_transport|routine
G104440,roads_transport|routine
G105176,roads_transport|routine
G102907,roads_transport|routine
G102896,roads_transport|routine
G105092,roads_transport|routine
G103978,roads_transport|routine
G101737,roads_transport|routine
G102942,roads_transport|routine
G100432,roads_transport|routine
G103201,roads_transport|routine
G106681,roads_transport|routine
G100512,roads_transport|routine
G102284,roads_transport|routine
G101239,roads_transport|routine
G104412,roads_transport|routine
G102965,roads_transport|routine
G106489,roads_transport|routine
G106343,roads_transport|routine
G105412,roads_transport|routine
G105021,roads_transport|routine
G104471,roads_transport|routine
G105317,roads_transport|routine
G106064,roads_transport|routine
G104760,roads_transport|routine
G104902,roads_transport|routine
G100378,roads_transport|routine
G104620,roads_transport|routine
G102185,roads_transport|routine
G101420,roads_transport|routine
G102439,roads_transport|routine
G104404,roads_transport|routine
G102022,roads_transport|routine
G100179,roads_transport|routine
G100850,roads_transport|routine
G101302,roads_transport|routine
G102109,roads_transport|routine
G101134,roads_transport|routine
G103844,roads_transport|routine
G105104,roads_transport|routine
G101013,roads_transport|routine
G103208,roads_transport|routine
G104451,roads_transport|routine
G105335,roads_transport|routine
G102212,roads_transport|routine
G103241,roads_transport|routine
G104949,roads_transport|routine
G101506,roads_transport|routine
G101179,roads_transport|routine
G104515,roads_transport|routine
G102313,roads_transport|routine
G101282,roads_transport|routine
G104292,roads_transport|routine
G105941,roads_transport|routine
G102645,roads_transport|routine
G101504,roads_transport|routine
G104310,roads_transport|routine
G106631,roads_transport|routine
G104277,roads_transport|routine
G104582,roads_transport|routine
G106012,roads_transport|routine
G106205,roads_transport|routine
G104681,roads_transport|routine
G100045,roads_transport|routine
G104908,roads_transport|routine
G105677,roads_transport|routine
G100748,roads_transport|routine
G106440,roads_transport|routine
G101085,roads_transport|routine
G102792,roads_transport|routine
G102791,roads_transport|routine
G100521,roads_transport|routine
G106536,roads_transport|routine
G101348,roads_transport|routine
G106372,roads_transport|routine
G100668,roads_transport|routine
G103994,roads_transport|routine
G103473,roads_transport|routine
G104804,roads_transport|routine
G104320,roads_transport|routine
G105043,roads_transport|routine
G103504,roads_transport|routine
G100508,roads_transport|routine
G105832,roads_transport|routine
G102091,roads_transport|routine
G104040,roads_transport|routine
G101375,roads_transport|routine
G103680,roads_transport|routine
G105303,roads_transport|routine
G106096,roads_transport|routine
G104533,roads_transport|routine
G100281,roads_transport|routine
G103896,roads_transport|routine
G106780,roads_transport|routine
G101859,roads_transport|routine
G100111,roads_transport|routine
G104818,roads_transport|routine
G102032,roads_transport|routine
G105527,roads_transport|routine
G101545,roads_transport|routine
G102788,roads_transport|routine
G104992,roads_transport|routine
G105501,roads_transport|routine
G100052,roads_transport|routine
G102298,roads_transport|routine
G103962,roads_transport|routine
G103670,roads_transport|routine
G103547,roads_transport|routine
G104672,roads_transport|routine
G106580,roads_transport|routine
G101601,roads_transport|routine
G103424,roads_transport|routine
G103046,roads_transport|routine
G103276,roads_transport|routine
G104034,roads_transport|routine
G103155,roads_transport|routine
G104606,roads_transport|routine
G105471,roads_transport|routine
G100418,roads_transport|routine
G106424,roads_transport|routine
G101411,roads_transport|routine
G106464,roads_transport|routine
G102991,roads_transport|routine
G101152,roads_transport|routine
G103471,roads_transport|routine
G103588,roads_transport|routine
G106250,roads_transport|routine
G106488,roads_transport|routine
G104196,roads_transport|routine
G103779,roads_transport|routine
G101109,roads_transport|routine
G100655,roads_transport|routine
G104163,roads_transport|routine
G103565,roads_transport|routine
G105395,roads_transport|routine
G100567,roads_transport|routine
G105599,roads_transport|routine
G103982,roads_transport|routine
G105096,roads_transport|routine
G100160,roads_transport|routine
G104521,roads_transport|routine
G102964,roads_transport|routine
G103553,roads_transport|routine
G104241,roads_transport|routine
G105329,roads_transport|routine
G102210,roads_transport|routine
G104505,roads_transport|routine
G101106,roads_transport|routine
G100360,roads_transport|routine
G101554,roads_transport|routine
G104571,roads_transport|routine
G104990,roads_transport|routine
G102745,roads_transport|routine
G102319,roads_transport|routine
G102649,roads_transport|routine
G104749,roads_transport|routine
G101672,roads_transport|routine
G104805,roads_transport|routine
G104930,roads_transport|routine
G106221,roads_transport|routine
G106006,roads_transport|routine
G101381,roads_transport|routine
G106555,roads_transport|routine
G104576,roads_transport|routine
G103148,roads_transport|routine
G101761,roads_transport|routine
G102347,roads_transport|routine
G105011,roads_transport|routine
G105113,roads_transport|routine
G100710,roads_transport|routine
G102029,roads_transport|routine
G103518,roads_transport|routine
G103521,roads_transport|routine
G102552,roads_transport|routine
G101899,roads_transport|routine
G105990,roads_transport|routine
G102050,roads_transport|routine
G101969,roads_transport|routine
G102484,roads_transport|routine
G100826,roads_transport|routine
G102389,roads_transport|routine
G103717,roads_transport|routine
G103743,roads_transport|routine
G102984,roads_transport|routine
G104704,roads_transport|routine
G102897,roads_transport|routine
G105625,roads_transport|routine
G101607,roads_transport|routine
G100727,roads_transport|routine
G101690,roads_transport|routine
G102810,roads_transport|routine
G101408,roads_transport|routine
G101139,roads_transport|routine
G106237,roads_transport|routine
G104153,roads_transport|routine
G102852,roads_transport|routine
G105421,roads_transport|routine
G106772,roads_transport|routine
G103687,roads_transport|routine
G102995,roads_transport|routine
G104987,roads_transport|routine
G102117,roads_transport|routine
G103229,roads_transport|routine
G100137,roads_transport|routine
G103346,roads_transport|routine
G104869,roads_transport|routine
G104852,roads_transport|routine
G104450,roads_transport|routine
G101484,roads_transport|routine
G104110,roads_transport|routine
G102647,roads_transport|routine
G105582,roads_transport|routine
G100998,roads_transport|routine
G106371,roads_transport|routine
G106090,roads_transport|routine
G103248,roads_transport|routine
G104630,roads_transport|routine
G104608,roads_transport|routine
G106636,roads_transport|routine
G101256,roads_transport|routine
G102083,roads_transport|routine
G100190,roads_transport|routine
G105359,roads_transport|routine
G101812,roads_transport|routine
G106370,roads_transport|routine
G104772,roads_transport|routine
G105114,roads_transport|routine
G105925,roads_transport|routine
G104144,roads_transport|routine
G100350,roads_transport|routine
G104528,roads_transport|routine
G106793,roads_transport|routine
G103912,roads_transport|routine
G101081,roads_transport|routine
G104697,roads_transport|routine
G103613,roads_transport|routine
G106565,roads_transport|routine
G102436,roads_transport|routine
G102556,roads_transport|routine
G102516,roads_transport|routine
G101287,roads_transport|routine
G103042,roads_transport|routine
G102175,roads_transport|routine
G106256,roads_transport|routine
G102909,roads_transport|routine
G103715,roads_transport|routine
G104698,roads_transport|routine
G105519,roads_transport|routine
G100872,roads_transport|routine
G103888,roads_transport|routine
G105022,roads_transport|routine
G102199,roads_transport|routine
G100069,roads_transport|routine
G101546,roads_transport|routine
G100518,roads_transport|routine
G104202,roads_transport|routine
G105261,roads_transport|routine
G104496,roads_transport|routine
G103593,roads_transport|routine
G101683,roads_transport|routine
G100295,roads_transport|routine
G104186,roads_transport|routine
G101775,roads_transport|routine
G102394,roads_transport|routine
G101932,roads_transport|routine
G104193,roads_transport|routine
G105749,roads_transport|routine
G104556,roads_transport|routine
G104459,roads_transport|routine
G100606,roads_transport|routine
G101507,roads_transport|routine
G101711,roads_transport|routine
G105418,roads_transport|routine
G100799,roads_transport|routine
G106579,roads_transport|routine
G106075,roads_transport|routine
G104730,roads_transport|routine
G102998,roads_transport|routine
G102760,roads_transport|routine
G100663,roads_transport|routine
G101455,roads_transport|routine
G104322,roads_transport|routine
G104253,roads_transport|routine
G100010,roads_transport|routine
G103429,roads_transport|routine
G105729,roads_transport|routine
G101898,roads_transport|routine
G101566,roads_transport|routine
G106600,roads_transport|routine
G106716,roads_transport|routine
G104116,roads_transport|routine
G105171,roads_transport|routine
G101053,roads_transport|routine
G103191,roads_transport|routine
G103180,roads_transport|routine
G100146,roads_transport|routine
G105661,roads_transport|routine
G103274,roads_transport|routine
G104232,roads_transport|routine
G102128,roads_transport|routine
G100272,roads_transport|routine
G105431,roads_transport|routine
G106430,roads_transport|routine
G106688,roads_transport|routine
G103725,roads_transport|routine
G102699,roads_transport|routine
G102196,roads_transport|routine
G104261,roads_transport|routine
G100560,roads_transport|routine
G104826,roads_transport|routine
G100930,roads_transport|routine
G100185,roads_transport|routine
G105267,roads_transport|routine
G105086,roads_transport|routine
G103585,roads_transport|routine
G106173,roads_transport|routine
G105430,roads_transport|routine
G104158,roads_transport|routine
G106723,roads_transport|routine
G105992,roads_transport|routine
G100040,roads_transport|routine
G100287,roads_transport|routine
G104361,roads_transport|routine
G102414,roads_transport|routine
G104784,roads_transport|routine
G101010,roads_transport|routine
G100821,roads_transport|routine
G102746,roads_transport|routine
G100982,roads_transport|routine
G101767,roads_transport|routine
G100499,roads_transport|routine
G104921,roads_transport|routine
G101198,roads_transport|routine
G101339,roads_transport|routine
G103669,roads_transport|routine
G104504,roads_transport|routine
G102999,roads_transport|routine
G100563,roads_transport|routine
G100044,roads_transport|routine
G105871,roads_transport|routine
G100483,roads_transport|routine
G102879,roads_transport|routine
G102743,roads_transport|routine
G100797,roads_transport|routine
G101676,roads_transport|routine
G102494,roads_transport|routine
G101062,roads_transport|routine
G105240,roads_transport|routine
G100152,roads_transport|routine
G100798,roads_transport|routine
G103519,roads_transport|routine
G101759,roads_transport|routine
G106478,roads_transport|routine
G100859,roads_transport|routine
G101848,roads_transport|routine
G101147,roads_transport|routine
G101725,roads_transport|routine
G104181,roads_transport|routine
G100458,roads_transport|routine
G101693,roads_transport|routine
G101628,roads_transport|routine
G100403,roads_transport|routine
G102361,roads_transport|routine
G100877,roads_transport|routine
G101406,roads_transport|routine
G105426,roads_transport|routine
G102016,roads_transport|routine
G102933,roads_transport|routine
G102355,roads_transport|routine
G103746,roads_transport|routine
G100162,roads_transport|routine
G105538,roads_transport|routine
G104736,roads_transport|routine
G106480,roads_transport|routine
G100025,roads_transport|routine
G100207,roads_transport|routine
G102041,roads_transport|routine
G101850,roads_transport|routine
G102571,roads_transport|routine
G105657,roads_transport|routine
G103650,roads_transport|routine
G104111,roads_transport|routine
G102279,roads_transport|routine
G102097,roads_transport|routine
G101471,roads_transport|routine
G102146,roads_transport|routine
G105273,roads_transport|routine
G104632,roads_transport|routine
G106618,roads_transport|routine
G102930,roads_transport|routine
G106083,roads_transport|routine
G106349,roads_transport|routine
G101888,roads_transport|routine
G101166,roads_transport|routine
G100870,roads_transport|routine
G101846,roads_transport|routine
G105634,roads_transport|routine
G100391,roads_transport|routine
G106414,roads_transport|routine
G101416,roads_transport|routine
G106059,roads_transport|routine
G102437,roads_transport|routine
G103401,roads_transport|routine
G102939,roads_transport|routine
G105404,roads_transport|routine
G104851,roads_transport|routine
G106034,roads_transport|routine
G105206,roads_transport|routine
G103570,roads_transport|routine
G100383,roads_transport|routine
G106293,roads_transport|routine
G102617,roads_transport|routine
G102728,roads_transport|routine
G103054,roads_transport|routine
G105298,roads_transport|routine
G102717,roads_transport|routine
G100726,roads_transport|routine
G100011,roads_transport|routine
G103959,roads_transport|routine
G103679,roads_transport|routine
G105302,roads_transport|routine
G100614,roads_transport|routine
G105145,roads_transport|routine
G100434,roads_transport|routine
G103032,roads_transport|routine
G105796,roads_transport|routine
G102023,roads_transport|routine
G102491,roads_transport|routine
G105864,roads_transport|routine
G104789,roads_transport|routine
G103930,roads_transport|routine
G106315,roads_transport|routine
G100771,roads_transport|routine
G103256,roads_transport|routine
G103345,roads_transport|routine
G103845,roads_transport|routine
G103065,roads_transport|routine
G101617,roads_transport|routine
G101591,roads_transport|routine
G100042,roads_transport|routine
G105195,roads_transport|routine
G102344,roads_transport|routine
G103647,roads_transport|routine
G101445,roads_transport|routine
G102303,roads_transport|routine
G104298,roads_transport|routine
G101816,roads_transport|routine
G104077,roads_transport|routine
G103124,roads_transport|routine
G101038,roads_transport|routine
G101629,roads_transport|routine
G101169,roads_transport|routine
G105697,roads_transport|routine
G102940,roads_transport|routine
G103059,roads_transport|routine
G100454,roads_transport|routine
G104893,roads_transport|routine
G100648,roads_transport|routine
G103481,roads_transport|routine
G106509,roads_transport|routine
G105247,roads_transport|routine
G102132,roads_transport|routine
G101094,roads_transport|routine
G101260,roads_transport|routine
G102929,roads_transport|routine
G100575,roads_transport|routine
G101291,roads_transport|routine
G106180,roads_transport|routine
G103626,roads_transport|routine
G101901,roads_transport|routine
G106508,roads_transport|routine
G105324,roads_transport|routine
G100608,roads_transport|routine
G100927,roads_transport|routine
G102524,roads_transport|routine
G106685,roads_transport|routine
G101140,roads_transport|routine
G103673,roads_transport|routine
G102011,roads_transport|routine
G100725,roads_transport|routine
G103640,roads_transport|routine
G105893,roads_transport|routine
G101286,roads_transport|routine
G105123,roads_transport|routine
G103543,roads_transport|routine
G103580,roads_transport|routine
G104088,roads_transport|routine
G102669,roads_transport|routine
G104387,roads_transport|routine
G102958,roads_transport|routine
G104161,roads_transport|routine
G106611,roads_transport|routine
G102816,roads_transport|routine
G106111,roads_transport|routine
G101213,roads_transport|routine
G106655,roads_transport|routine
G106530,roads_transport|routine
G105800,roads_transport|routine
G100635,roads_transport|routine
G100992,roads_transport|routine
G105669,roads_transport|routine
G100928,roads_transport|routine
G105326,roads_transport|routine
G100486,roads_transport|routine
G104482,roads_transport|routine
G103127,roads_transport|routine
G104480,roads_transport|routine
G104740,roads_transport|routine
G105665,roads_transport|routine
G106208,roads_transport|routine
G103741,roads_transport|routine
G100225,roads_transport|routine
G103933,roads_transport|routine
G101509,roads_transport|routine
G102269,roads_transport|routine
G105191,roads_transport|routine
G103203,roads_transport|routine
G102566,roads_transport|routine
G106152,roads_transport|routine
G102648,roads_transport|routine
G106630,roads_transport|routine
G105279,roads_transport|routine
G103443,roads_transport|routine
G103537,roads_transport|routine
G102530,roads_transport|routine
G100919,roads_transport|routine
G105173,roads_transport|routine
G100291,roads_transport|routine
G103545,roads_transport|routine
G105154,roads_transport|routine
G104219,roads_transport|routine
G100100,roads_transport|routine
G106710,roads_transport|routine
G104527,roads_transport|routine
G106658,roads_transport|routine
G104832,roads_transport|routine
G103115,roads_transport|routine
G101137,roads_transport|routine
G103766,roads_transport|routine
G100898,roads_transport|routine
G104015,roads_transport|routine
G105294,roads_transport|routine
G101358,roads_transport|routine
G106692,roads_transport|routine
G105020,roads_transport|routine
G101055,roads_transport|routine
G106385,roads_transport|routine
G100782,roads_transport|routine
G102222,roads_transport|routine
G100809,roads_transport|routine
G106369,roads_transport|routine
G100592,roads_transport|routine
G106085,roads_transport|routine
G103497,roads_transport|routine
G103223,roads_transport|routine
G101288,roads_transport|routine
G100214,roads_transport|routine
G104257,roads_transport|routine
G100194,roads_transport|routine
G102253,roads_transport|routine
G100781,roads_transport|routine
G103769,roads_transport|routine
G102550,roads_transport|routine
G100423,roads_transport|routine
G102477,roads_transport|routine
G100682,roads_transport|routine
G103330,roads_transport|routine
G106711,roads_transport|routine
G100122,roads_transport|routine
G105071,roads_transport|routine
G105619,roads_transport|routine
G100424,roads_transport|routine
G105583,roads_transport|routine
G106677,roads_transport|routine
G102775,roads_transport|routine
G101148,roads_transport|routine
G102260,roads_transport|routine
G103196,roads_transport|routine
G101855,roads_transport|routine
G102486,roads_transport|routine
G104074,roads_transport|routine
G103809,roads_transport|routine
G102971,roads_transport|routine
G103324,roads_transport|routine
G103628,roads_transport|routine
G101474,roads_transport|routine
G102931,roads_transport|routine
G101841,roads_transport|routine
G103252,roads_transport|routine
G100532,roads_transport|routine
G100628,roads_transport|routine
G101900,roads_transport|routine
G106223,roads_transport|routine
G103989,roads_transport|routine
G104044,roads_transport|routine
G102440,roads_transport|routine
G106047,roads_transport|routine
G105158,roads_transport|routine
G104488,roads_transport|routine
G105164,roads_transport|routine
G101079,roads_transport|routine
G100587,roads_transport|routine
G104792,roads_transport|routine
G103706,roads_transport|routine
G106577,roads_transport|routine
G105673,roads_transport|routine
G100004,roads_transport|routine
G100588,roads_transport|routine
G104332,roads_transport|routine
G100165,roads_transport|routine
G103859,roads_transport|routine
G105450,roads_transport|routine
G105552,roads_transport|routine
G105384,roads_transport|routine
G101368,roads_transport|routine
G102320,roads_transport|routine
G102803,roads_transport|routine
G102596,roads_transport|routine
G101994,roads_transport|routine
G105297,roads_transport|routine
G105311,roads_transport|routine
G105687,roads_transport|routine
G104682,roads_transport|routine
G100406,roads_transport|routine
G104349,roads_transport|routine
G103072,roads_transport|routine
G100671,roads_transport|routine
G103615,roads_transport|routine
G103339,roads_transport|routine
G103367,roads_transport|routine
G101663,roads_transport|routine
G100158,roads_transport|routine
G105930,roads_transport|routine
G102654,roads_transport|routine
G102141,roads_transport|routine
G105922,roads_transport|routine
G101957,roads_transport|routine
G103100,roads_transport|routine
G105268,roads_transport|routine
G103399,roads_transport|routine
G102711,roads_transport|routine
G102258,roads_transport|routine
G102501,roads_transport|routine
G105457,roads_transport|routine
G102604,roads_transport|routine
G106210,roads_transport|routine
G106749,roads_transport|routine
G100231,roads_transport|routine
G103236,roads_transport|routine
G105686,roads_transport|routine
G105345,roads_transport|routine
G100804,roads_transport|routine
G105674,roads_transport|routine
G105806,roads_transport|routine
G102174,roads_transport|routine
G103188,roads_transport|routine
G100837,roads_transport|routine
G105945,roads_transport|routine
G100865,roads_transport|routine
G103529,roads_transport|routine
G100379,roads_transport|routine
G101284,roads_transport|routine
G101258,roads_transport|routine
G106021,roads_transport|routine
G106100,roads_transport|routine
G102773,roads_transport|routine
G101435,roads_transport|routine
G101051,roads_transport|routine
G100018,roads_transport|routine
G102495,roads_transport|routine
G106413,roads_transport|routine
G100777,roads_transport|routine
G105882,roads_transport|routine
G100038,roads_transport|routine
G105878,roads_transport|routine
G106198,roads_transport|routine
G103307,roads_transport|routine
G102756,roads_transport|routine
G100370,roads_transport|routine
G100248,roads_transport|routine
G100087,roads_transport|routine
G105424,roads_transport|routine
G104231,roads_transport|routine
G103793,roads_transport|routine
G100244,roads_transport|routine
G104916,roads_transport|routine
G105543,roads_transport|routine
G102351,roads_transport|routine
G102228,roads_transport|routine
G105292,roads_transport|routine
G102151,roads_transport|routine
G103378,roads_transport|routine
G103925,roads_transport|routine
G103074,roads_transport|routine
G106220,roads_transport|routine
G100410,roads_transport|routine
G104403,roads_transport|routine
G105101,roads_transport|routine
G103918,roads_transport|routine
G101630,roads_transport|routine
G106363,roads_transport|routine
G103121,roads_transport|routine
G100456,roads_transport|routine
G105542,roads_transport|routine
G101802,roads_transport|routine
G104674,roads_transport|routine
G104390,roads_transport|routine
G101586,roads_transport|routine
G103325,roads_transport|routine
G105688,roads_transport|routine
G103683,roads_transport|routine
G102531,roads_transport|routine
G105346,roads_transport|routine
G103242,roads_transport|routine
G101559,roads_transport|routine
G106761,roads_transport|routine
G101715,roads_transport|routine
G103922,roads_transport|routine
G106776,roads_transport|routine
G100515,roads_transport|routine
G101468,roads_transport|routine
G100674,roads_transport|routine
G105575,roads_transport|routine
G106065,roads_transport|routine
G106088,roads_transport|routine
G104641,roads_transport|routine
G104645,roads_transport|routine
G105338,roads_transport|routine
G103448,roads_transport|routine
G105437,roads_transport|routine
G105553,roads_transport|routine
G102715,roads_transport|routine
G103881,roads_transport|routine
G102472,roads_transport|routine
G102858,roads_transport|routine
G102722,roads_transport|routine
G103453,roads_transport|routine
G106145,roads_transport|routine
G101422,roads_transport|routine
G104940,roads_transport|routine
G102485,roads_transport|routine
G101346,roads_transport|routine
G105545,roads_transport|routine
G104679,roads_transport|routine
G104205,roads_transport|routine
G104828,roads_transport|routine
G104876,roads_transport|routine
G102692,roads_transport|routine
G104348,roads_transport|routine
G106381,roads_transport|routine
G104590,roads_transport|routine
G105895,roads_transport|routine
G101865,roads_transport|routine
G106069,roads_transport|routine
G101953,roads_transport|routine
G102181,roads_transport|routine
G101671,roads_transport|routine
G101299,roads_transport|routine
G103095,roads_transport|routine
G106277,roads_transport|routine
G106432,roads_transport|routine
G101156,roads_transport|routine
G103921,roads_transport|routine
G100752,roads_transport|routine
G102935,roads_transport|routine
G101317,roads_transport|routine
G102368,roads_transport|routine
G101218,roads_transport|routine
G104605,roads_transport|routine
G103742,roads_transport|routine
G106104,roads_transport|routine
G103773,roads_transport|routine
G105264,roads_transport|routine
G101451,roads_transport|routine
G104978,roads_transport|routine
G100234,roads_transport|routine
G103542,roads_transport|routine
G105737,roads_transport|routine
G104824,roads_transport|routine
G106340,roads_transport|routine
G103416,roads_transport|routine
G106727,roads_transport|routine
G104276,roads_transport|routine
G102057,roads_transport|routine
G104081,roads_transport|routine
G105417,roads_transport|routine
G106596,roads_transport|routine
G100241,roads_transport|routine
G101314,roads_transport|routine
G106742,roads_transport|routine
G105707,roads_transport|routine
G100830,roads_transport|routine
G104434,roads_transport|routine
G100511,roads_transport|routine
G101627,roads_transport|routine
G104061,roads_transport|routine
G104671,roads_transport|routine
G100357,roads_transport|routine
G102031,roads_transport|routine
G101181,roads_transport|routine
G102301,roads_transport|routine
G102168,roads_transport|routine
G102458,roads_transport|routine
G102511,roads_transport|routine
G101755,roads_transport|routine
G106425,roads_transport|routine
G105958,roads_transport|routine
G100949,roads_transport|routine
G101822,roads_transport|routine
G100714,roads_transport|routine
G105006,roads_transport|routine
G103336,roads_transport|routine
G104263,roads_transport|routine
G102731,roads_transport|routine
G105360,roads_transport|routine
G101692,roads_transport|routine
G100786,roads_transport|routine
G102376,roads_transport|routine
G100969,roads_transport|routine
G104710,roads_transport|routine
G103062,roads_transport|routine
G100669,roads_transport|routine
G104619,roads_transport|routine
G100754,roads_transport|routine
G101971,roads_transport|routine
G103450,roads_transport|routine
G102807,roads_transport|routine
G104546,roads_transport|routine
G104780,roads_transport|routine
G101991,roads_transport|routine
G106213,roads_transport|routine
G103362,roads_transport|routine
G101876,roads_transport|routine
G105119,roads_transport|routine
G101766,roads_transport|routine
G104417,roads_transport|routine
G106525,roads_transport|routine
G105954,roads_transport|routine
G103869,roads_transport|routine
G103080,roads_transport|routine
G106187,roads_transport|routine
G100141,roads_transport|routine
G104494,roads_transport|routine
G102972,roads_transport|routine
G106487,roads_transport|routine
G103914,roads_transport|routine
G103258,roads_transport|routine
G106743,roads_transport|routine
G102626,roads_transport|routine
G105223,roads_transport|routine
G101158,roads_transport|routine
G106643,roads_transport|routine
G103164,roads_transport|routine
G105849,roads_transport|routine
G103767,roads_transport|routine
G105518,roads_transport|routine
G103147,roads_transport|routine
G100467,roads_transport|routine
G105456,roads_transport|routine
G103895,roads_transport|routine
G103631,roads_transport|routine
G101012,roads_transport|routine
G104783,roads_transport|routine
G104522,roads_transport|routine
G105965,roads_transport|routine
G101872,roads_transport|routine
G101065,roads_transport|routine
G104602,roads_transport|routine
G100200,roads_transport|routine
G106306,roads_transport|routine
G101437,roads_transport|routine
G100599,roads_transport|routine
G101374,roads_transport|routine
G105847,roads_transport|routine
G100195,roads_transport|routine
G102946,roads_transport|routine
G104149,roads_transport|routine
G101123,roads_transport|routine
G106103,roads_transport|routine
G101827,roads_transport|routine
G105940,roads_transport|routine
G106557,roads_transport|routine
G102565,roads_transport|routine
G100444,roads_transport|routine
G104573,roads_transport|routine
G104838,roads_transport|routine
G103425,roads_transport|routine
G104004,roads_transport|routine
G103417,roads_transport|routine
G104076,roads_transport|routine
G101959,roads_transport|routine
G106597,roads_transport|routine
G103658,roads_transport|routine
G101257,roads_transport|routine
G101877,roads_transport|routine
G101902,roads_transport|routine
G104912,roads_transport|routine
G105629,roads_transport|routine
G101555,roads_transport|routine
G103384,roads_transport|routine
G106448,roads_transport|routine
G100097,roads_transport|routine
G103456,roads_transport|routine
G104365,roads_transport|routine
G104984,roads_transport|routine
G101701,roads_transport|routine
G102943,roads_transport|routine
G101588,roads_transport|routine
G105928,roads_transport|routine
G106442,roads_transport|routine
G104319,roads_transport|routine
G103990,roads_transport|routine
G105414,roads_transport|routine
G105253,roads_transport|routine
G105044,roads_transport|routine
G106689,roads_transport|routine
G102769,roads_transport|routine
G106575,roads_transport|routine
G102969,roads_transport|routine
G100597,roads_transport|routine
G102038,roads_transport|routine
G106178,roads_transport|routine
G100199,roads_transport|routine
G103811,roads_transport|routine
G103791,roads_transport|routine
G102643,roads_transport|routine
G105705,roads_transport|routine
G101252,roads_transport|routine
G106752,roads_transport|routine
G102782,roads_transport|routine
G103839,roads_transport|routine
G100641,roads_transport|routine
G104020,roads_transport|routine
G104860,roads_transport|routine
G105670,roads_transport|routine
G100264,roads_transport|routine
G104857,roads_transport|routine
G104177,roads_transport|routine
G103718,roads_transport|routine
G100187,roads_transport|routine
G100082,roads_transport|routine
G101889,roads_transport|routine
G101115,roads_transport|routine
G106171,roads_transport|routine
G101935,roads_transport|routine
G103636,roads_transport|routine
G105200,roads_transport|routine
G100172,roads_transport|routine
G104551,roads_transport|routine
G104847,roads_transport|routine
G105952,roads_transport|routine
G106020,roads_transport|routine
G103392,roads_transport|routine
G102776,roads_transport|routine
G102710,roads_transport|routine
G103598,roads_transport|routine
G101454,roads_transport|routine
G102996,roads_transport|routine
G101171,roads_transport|routine
G106792,roads_transport|routine
G104060,roads_transport|routine
G101145,roads_transport|routine
G105839,roads_transport|routine
G106054,roads_transport|routine
G105248,roads_transport|routine
G105683,roads_transport|routine
G101589,roads_transport|routine
G105201,roads_transport|routine
G101436,roads_transport|routine
G101687,roads_transport|routine
G106115,roads_transport|routine
G104033,roads_transport|routine
G101372,roads_transport|routine
G104112,roads_transport|routine
G106051,roads_transport|routine
G101120,roads_transport|routine
G102096,roads_transport|routine
G106297,roads_transport|routine
G106215,roads_transport|routine
G104325,roads_transport|routine
G106045,roads_transport|routine
G100062,roads_transport|routine
G102525,roads_transport|routine
G104249,roads_transport|routine
G105926,roads_transport|routine
G100544,roads_transport|routine
G104634,roads_transport|routine
G105473,roads_transport|routine
G101552,roads_transport|routine
G105892,roads_transport|routine
G102560,roads_transport|routine
G105474,roads_transport|routine
G101556,roads_transport|routine
G101537,roads_transport|routine
G103084,roads_transport|routine
G105833,roads_transport|routine
G105715,roads_transport|routine
G101063,roads_transport|routine
G102904,roads_transport|routine
G103826,roads_transport|routine
G100322,roads_transport|routine
G106421,roads_transport|routine
G103207,roads_transport|routine
G100773,roads_transport|routine
G102336,roads_transport|routine
G103984,roads_transport|routine
G105403,roads_transport|routine
G106147,roads_transport|routine
G101133,roads_transport|routine
G103830,roads_transport|routine
G102976,roads_transport|routine
G104180,roads_transport|routine
G105748,roads_transport|routine
G105771,roads_transport|routine
G105660,roads_transport|routine
G104988,roads_transport|routine
G105780,roads_transport|routine
G105515,roads_transport|routine
G105640,roads_transport|routine
G104932,roads_transport|routine
G103460,roads_transport|routine
G103467,roads_transport|routine
G100737,roads_transport|routine
G103030,roads_transport|routine
G106790,roads_transport|routine
G105643,roads_transport|routine
G105444,roads_transport|routine
G104928,roads_transport|routine
G103850,roads_transport|routine
G104344,roads_transport|routine
G100632,roads_transport|routine
G101512,roads_transport|routine
G100325,roads_transport|routine
G103009,roads_transport|routine
G100186,roads_transport|routine
G103055,roads_transport|routine
G106578,roads_transport|routine
G100691,roads_transport|routine
G105172,roads_transport|routine
G100460,roads_transport|routine
G105918,roads_transport|routine
G105062,roads_transport|routine
G101806,roads_transport|routine
G102543,roads_transport|routine
G102073,roads_transport|routine
G106390,roads_transport|routine
G105229,roads_transport|routine
G101585,roads_transport|routine
G102434,roads_transport|routine
G101652,roads_transport|routine
G102727,roads_transport|routine
G103552,roads_transport|routine
G100764,roads_transport|routine
G106298,roads_transport|routine
G103035,roads_transport|routine
G103150,roads_transport|routine
G106214,roads_transport|routine
G101863,roads_transport|routine
G105637,roads_transport|routine
G103052,roads_transport|routine
G100502,roads_transport|routine
G106775,roads_transport|routine
G106659,roads_transport|routine
G104755,roads_transport|routine
G103594,roads_transport|routine
G102787,roads_transport|routine
G102862,roads_transport|routine
G101018,roads_transport|routine
G106238,roads_transport|routine
G104072,roads_transport|routine
G103611,roads_transport|routine
G104816,roads_transport|routine
G103490,roads_transport|routine
G101328,roads_transport|routine
G105744,roads_transport|routine
G101011,roads_transport|routine
G105586,roads_transport|routine
G105701,roads_transport|routine
G104224,roads_transport|routine
G101429,roads_transport|routine
G103077,roads_transport|routine
G102545,roads_transport|routine
G103796,roads_transport|routine
G101856,roads_transport|routine
G101009,roads_transport|routine
G102065,roads_transport|routine
G103814,roads_transport|routine
G104944,roads_transport|routine
G104769,roads_transport|routine
G101064,roads_transport|routine
G105980,roads_transport|routine
G100224,roads_transport|routine
G101661,roads_transport|routine
G100245,roads_transport|routine
G103007,roads_transport|routine
G102906,roads_transport|routine
G102478,roads_transport|routine
G101405,roads_transport|routine
G103808,roads_transport|routine
G105840,roads_transport|routine
G103980,roads_transport|routine
G101241,roads_transport|routine
G103036,roads_transport|routine
G106531,roads_transport|routine
G105319,roads_transport|routine
G104668,roads_transport|routine
G104262,roads_transport|routine
G104023,roads_transport|routine
G106225,roads_transport|routine
G101724,roads_transport|routine
G102482,roads_transport|routine
G106663,roads_transport|routine
G101391,roads_transport|routine
G101911,roads_transport|routine
G104258,roads_transport|routine
G106754,roads_transport|routine
G103398,roads_transport|routine
G103293,roads_transport|routine
G105159,roads_transport|routine
G104563,roads_transport|routine
G106676,roads_transport|routine
G100012,roads_transport|routine
G105695,roads_transport|routine
G101112,roads_transport|routine
G105971,roads_transport|routine
G101498,roads_transport|routine
G101943,roads_transport|routine
G103204,roads_transport|routine
G102294,roads_transport|routine
G102060,roads_transport|routine
G103771,roads_transport|routine
G101541,roads_transport|routine
G104819,roads_transport|routine
G100987,roads_transport|routine
G101930,roads_transport|routine
G103607,roads_transport|routine
G103897,roads_transport|routine
G101037,roads_transport|routine
G104823,roads_transport|routine
G102233,roads_transport|routine
G101482,roads_transport|routine
G104172,roads_transport|routine
G105969,roads_transport|routine
G106747,roads_transport|routine
G100609,roads_transport|routine
G106331,roads_transport|routine
G104289,roads_transport|routine
G105962,roads_transport|routine
G101130,roads_transport|routine
G101664,roads_transport|routine
G101101,roads_transport|routine
G102749,roads_transport|routine
G105147,roads_transport|routine
G101880,roads_transport|routine
G100873,roads_transport|routine
G104138,roads_transport|routine
G102056,roads_transport|routine
G100750,roads_transport|routine
G105235,roads_transport|routine
G106713,roads_transport|routine
G102581,roads_transport|routine
G100184,roads_transport|routine
G101222,roads_transport|routine
G100576,roads_transport|routine
G104108,roads_transport|routine
G102265,roads_transport|routine
G103664,roads_transport|routine
G102193,roads_transport|routine
G104024,roads_transport|routine
G105135,roads_transport|routine
G105679,roads_transport|routine
G102042,roads_transport|routine
G104369,roads_transport|routine
G100223,roads_transport|routine
G101497,roads_transport|routine
G105510,roads_transport|routine
G106080,roads_transport|routine
G104509,roads_transport|routine
G101392,roads_transport|routine
G103126,roads_transport|routine
G100716,roads_transport|routine
G101155,roads_transport|routine
G106272,roads_transport|routine
G101163,roads_transport|routine
G100243,roads_transport|routine
G103238,roads_transport|routine
G102184,roads_transport|routine
G106040,roads_transport|routine
G105807,roads_transport|routine
G100888,roads_transport|routine
G105516,roads_transport|routine
G105278,roads_transport|routine
G103642,roads_transport|routine
G106731,roads_transport|routine
G102764,roads_transport|routine
G104925,roads_transport|routine
G102718,roads_transport|routine
G102398,roads_transport|routine
G101508,roads_transport|routine
G102548,roads_transport|routine
G102785,roads_transport|routine
G104554,roads_transport|routine
G105165,roads_transport|routine
G104452,roads_transport|routine
G103002,roads_transport|routine
G100647,roads_transport|routine
G101142,roads_transport|routine
G103744,roads_transport|routine
G106053,roads_transport|routine
G103297,roads_transport|routine
G100053,roads_transport|routine
G105571,roads_transport|routine
G102237,roads_transport|routine
G102257,roads_transport|routine
G106539,roads_transport|routine
G100319,roads_transport|routine
G100934,roads_transport|routine
G100126,roads_transport|routine
G100693,roads_transport|routine
G103936,roads_transport|routine
G104098,roads_transport|routine
G103048,roads_transport|routine
G100731,roads_transport|routine
G106502,roads_transport|routine
G104888,roads_transport|routine
G103395,roads_transport|routine
G102588,roads_transport|routine
G104886,roads_transport|routine
G104421,roads_transport|routine
G102404,roads_transport|routine
G103230,roads_transport|routine
G101211,roads_transport|routine
G106164,roads_transport|routine
G106158,roads_transport|routine
G105353,roads_transport|routine
G103357,roads_transport|routine
G106217,roads_transport|routine
G104408,roads_transport|routine
G102658,roads_transport|routine
G102384,roads_transport|routine
G102209,roads_transport|routine
G105950,roads_transport|routine
G101642,roads_transport|routine
G105607,roads_transport|routine
G104536,roads_transport|routine
G106726,roads_transport|routine
G103956,roads_transport|routine
G101590,roads_transport|routine
G103179,roads_transport|routine
G105117,roads_transport|routine
G101313,roads_transport|routine
G100439,roads_transport|routine
G104014,roads_transport|routine
G106125,roads_transport|routine
G103818,roads_transport|routine
G101193,roads_transport|routine
G104821,roads_transport|routine
G105018,roads_transport|routine
G104845,roads_transport|routine
G104798,roads_transport|routine
G106745,roads_transport|routine
G103270,roads_transport|routine
G106163,roads_transport|routine
G102679,roads_transport|routine
G106174,roads_transport|routine
G103768,roads_transport|routine
G100918,roads_transport|routine
G106195,roads_transport|routine
G100475,roads_transport|routine
G100506,roads_transport|routine
G102584,roads_transport|routine
G102676,roads_transport|routine
G100375,roads_transport|routine
G100882,roads_transport|routine
G100520,roads_transport|routine
G100328,roads_transport|routine
G103380,roads_transport|routine
G106639,roads_transport|routine
G102358,roads_transport|routine
G103581,roads_transport|routine
G105786,roads_transport|routine
G100417,roads_transport|routine
G106109,roads_transport|routine
G103887,roads_transport|routine
G104307,roads_transport|routine
G100255,roads_transport|routine
G103271,roads_transport|routine
G105756,roads_transport|routine
G105427,roads_transport|routine
G105593,roads_transport|routine
G101951,roads_transport|routine
G106581,roads_transport|routine
G105997,roads_transport|routine
G103612,roads_transport|routine
G104664,roads_transport|routine
G102828,roads_transport|routine
G106447,roads_transport|routine
G100692,roads_transport|routine
G100495,roads_transport|routine
G102558,roads_transport|routine
G100267,roads_transport|routine
G102520,roads_transport|routine
G102249,roads_transport|routine
G102002,roads_transport|routine
G101195,roads_transport|routine
G106222,roads_transport|routine
G103691,roads_transport|routine
G100639,roads_transport|routine
G101634,roads_transport|routine
G102370,roads_transport|routine
G105776,roads_transport|routine
G100932,roads_transport|routine
G100304,roads_transport|routine
G104519,roads_transport|routine
G100344,roads_transport|routine
G101705,roads_transport|routine
G101465,roads_transport|routine
G103221,roads_transport|routine
G104520,roads_transport|routine
G103604,roads_transport|routine
G103259,roads_transport|routine
G102625,roads_transport|routine
G104926,roads_transport|routine
G100808,roads_transport|routine
G101576,roads_transport|routine
G101199,roads_transport|routine
G101980,roads_transport|routine
G102950,roads_transport|routine
G106466,roads_transport|routine
G103554,roads_transport|routine
G106274,roads_transport|routine
G100347,roads_transport|routine
G103377,roads_transport|routine
G100210,roads_transport|routine
G102377,roads_transport|routine
G104415,roads_transport|routine
G102192,roads_transport|routine
G102373,roads_transport|routine
G104673,roads_transport|routine
G100343,roads_transport|routine
G100565,roads_transport|routine
G104280,roads_transport|routine
G104981,roads_transport|routine
G103534,roads_transport|routine
G105216,roads_transport|routine
G102252,roads_transport|routine
G101734,roads_transport|routine
G101330,roads_transport|routine
G105313,roads_transport|routine
G104125,roads_transport|routine
G100584,roads_transport|routine
G106259,roads_transport|routine
G105782,roads_transport|routine
G102733,roads_transport|routine
G106505,roads_transport|routine
G104402,roads_transport|routine
G100049,roads_transport|routine
G101603,roads_transport|routine
G105169,roads_transport|routine
G102286,roads_transport|routine
G103855,roads_transport|routine
G103488,roads_transport|routine
G100679,roads_transport|routine
G100569,roads_transport|routine
G101564,roads_transport|routine
G102124,roads_transport|routine
G101243,roads_transport|routine
G102391,roads_transport|routine
G100173,roads_transport|routine
G103707,roads_transport|routine
G100559,roads_transport|routine
G105376,roads_transport|routine
G104371,roads_transport|routine
G104733,roads_transport|routine
G102924,roads_transport|routine
G106177,roads_transport|routine
G101027,roads_transport|routine
G105232,roads_transport|routine
G106546,roads_transport|routine
G100484,roads_transport|routine
G104670,roads_transport|routine
G101267,roads_transport|routine
G106412,roads_transport|routine
G103502,roads_transport|routine
G106305,roads_transport|routine
G103283,roads_transport|routine
G103981,roads_transport|routine
G105347,roads_transport|routine
G106453,roads_transport|routine
G101977,roads_transport|routine
G102797,roads_transport|routine
G105592,roads_transport|routine
G105079,roads_transport|routine
G104164,roads_transport|routine
G105755,roads_transport|routine
G101029,roads_transport|routine
G102841,roads_transport|routine
G101716,roads_transport|routine
G105131,roads_transport|routine
G106057,roads_transport|routine
G100912,roads_transport|routine
G105947,roads_transport|routine
G103510,roads_transport|routine
G102063,roads_transport|routine
G100944,roads_transport|routine
G102735,roads_transport|routine
G100657,roads_transport|routine
G105237,roads_transport|routine
G100800,roads_transport|routine
G103904,roads_transport|routine
G105132,roads_transport|routine
G106673,roads_transport|routine
G103890,roads_transport|routine
G100149,roads_transport|routine
G103133,roads_transport|routine
G105099,roads_transport|routine
G100441,roads_transport|routine
G101654,roads_transport|routine
G101098,roads_transport|routine
G106520,roads_transport|routine
G100302,roads_transport|routine
G103056,roads_transport|routine
G105405,roads_transport|routine
G102547,roads_transport|routine
G105894,roads_transport|routine
G105449,roads_transport|routine
G104290,roads_transport|routine
G102119,roads_transport|routine
G100002,roads_transport|routine
G104139,roads_transport|routine
G102818,roads_transport|routine
G100277,roads_transport|routine
G106584,roads_transport|routine
G103078,roads_transport|routine
G106188,roads_transport|routine
G102318,roads_transport|routine
G103523,roads_transport|routine
G105288,roads_transport|routine
G101382,roads_transport|routine
G105239,roads_transport|routine
G101772,roads_transport|routine
G101364,roads_transport|routine
G103158,roads_transport|routine
G101309,roads_transport|routine
G106029,roads_transport|routine
G106538,roads_transport|routine
G104021,roads_transport|routine
G100060,roads_transport|routine
G102632,roads_transport|routine
G105596,roads_transport|routine
G102579,roads_transport|routine
G103516,roads_transport|routine
G102425,roads_transport|routine
G103464,roads_transport|routine
G104275,roads_transport|routine
G102518,roads_transport|routine
G101004,roads_transport|routine
G105936,roads_transport|routine
G101236,roads_transport|routine
G103402,roads_transport|routine
G103492,roads_transport|routine
G101480,roads_transport|routine
G104588,roads_transport|routine
G104885,roads_transport|routine
G104651,roads_transport|routine
G101469,roads_transport|routine
G103958,roads_transport|routine
G105766,roads_transport|routine
G103239,roads_transport|routine
G103240,roads_transport|routine
G106175,roads_transport|routine
G100554,roads_transport|routine
G105521,roads_transport|routine
G100568,roads_transport|routine
G102955,roads_transport|routine
G106333,roads_transport|routine
G104463,roads_transport|routine
G102980,roads_transport|routine
G100984,roads_transport|routine
G102680,roads_transport|routine
G101945,roads_transport|routine
G101976,roads_transport|routine
G104603,roads_transport|routine
G104687,roads_transport|routine
G104065,roads_transport|routine
G106079,roads_transport|routine
G102538,roads_transport|routine
G102838,roads_transport|routine
G102908,roads_transport|routine
G102172,roads_transport|routine
G106516,roads_transport|routine
G103455,roads_transport|routine
G104312,roads_transport|routine
G106419,roads_transport|routine
G106082,roads_transport|routine
G102872,roads_transport|routine
G101031,roads_transport|routine
G105120,roads_transport|routine
G104169,roads_transport|routine
G100047,roads_transport|routine
G100945,roads_transport|routine
G103821,roads_transport|routine
G105668,roads_transport|routine
G100895,roads_transport|routine
G100451,roads_transport|routine
G105784,roads_transport|routine
G104720,roads_transport|routine
G105650,roads_transport|routine
G103934,roads_transport|routine
G103713,roads_transport|routine
G104185,roads_transport|routine
G101387,roads_transport|routine
G102758,roads_transport|routine
G105604,roads_transport|routine
G101131,roads_transport|routine
G103674,roads_transport|routine
G100661,roads_transport|routine
G103901,roads_transport|routine
G100415,roads_transport|routine
G102982,roads_transport|routine
G101605,roads_transport|routine
G105432,roads_transport|routine
G105073,roads_transport|routine
G102871,roads_transport|routine
G103777,roads_transport|routine
G104788,roads_transport|routine
G101662,roads_transport|routine
G102599,roads_transport|routine
G101035,roads_transport|routine
G103409,roads_transport|routine
G106559,roads_transport|routine
G104078,roads_transport|routine
G101070,roads_transport|routine
G104693,roads_transport|routine
G100354,roads_transport|routine
G102071,roads_transport|routine
G105341,roads_transport|routine
G100745,roads_transport|routine
G102814,roads_transport|routine
G103027,roads_transport|routine
G106693,roads_transport|routine
G105134,roads_transport|routine
G106482,roads_transport|routine
G105777,roads_transport|routine
G105112,roads_transport|routine
G104874,roads_transport|routine
G103609,roads_transport|routine
G105178,roads_transport|routine
G103169,roads_transport|routine
G105837,roads_transport|routine
G101743,roads_transport|routine
G102992,roads_transport|routine
G101572,roads_transport|routine
G101273,roads_transport|routine
G102406,roads_transport|routine
G103856,roads_transport|routine
G104126,roads_transport|routine
G106769,roads_transport|routine
G104302,roads_transport|routine
G105919,roads_transport|routine
G101621,roads_transport|routine
G104751,roads_transport|routine
G104041,roads_transport|routine
G104599,roads_transport|routine
G105602,roads_transport|routine
G105440,roads_transport|routine